Lot Area,Gr Liv Area,TotRms AbvGrd,Year Built,Year Remod/Add,Garage Cars,Total Bsmt SF,Overall Qual,Bldg Type,House Style,Kitchen Qual,Neighborhood,Real_Price,Predicted_Price
2529,1055,4,1977,1977,2.0,1055.0,7,Twnhs,1Story,TA,Other,148500.0,137849.53
10927,1904,8,2005,2005,2.0,1058.0,8,1Fam,2Story,Ex,NridgHt,275000.0,255903.7
10625,1660,7,2007,2007,3.0,1660.0,8,1Fam,1Story,Gd,Somerst,256000.0,267444.9
13825,1601,6,1958,1987,1.0,533.0,5,1Fam,SLvl,TA,Sawyer,140000.0,156432.34
7200,1904,7,1950,1982,1.0,1208.0,5,1Fam,1.5Fin,TA,NAmes,138000.0,147662.86
11796,1959,8,2004,2005,2.0,847.0,7,1Fam,2Story,Gd,Gilbert,215000.0,218495.06
7200,874,5,1971,1971,2.0,864.0,4,1Fam,1Story,TA,NAmes,97500.0,110780.23
13384,1360,8,1969,1979,1.0,1104.0,5,1Fam,1Story,TA,Mitchel,140000.0,151216.95
10200,672,4,1940,1997,1.0,672.0,5,1Fam,1Story,TA,Sawyer,108000.0,125898.516
10793,1620,7,1969,1969,2.0,780.0,5,1Fam,2Story,TA,NWAmes,152000.0,158352.44
15523,864,5,1972,1972,1.0,864.0,5,1Fam,1Story,TA,CollgCr,133500.0,129930.06
2880,3005,9,2004,2005,3.0,1376.0,7,Twnhs,2Story,Gd,Somerst,280750.0,235532.61
9370,1731,7,1992,1993,2.0,836.0,6,1Fam,2Story,Gd,SawyerW,248500.0,181827.78
5748,1778,5,2005,2006,2.0,1573.0,8,TwnhsE,1Story,Ex,Crawfor,375000.0,274501.75
2280,1456,7,1976,1976,2.0,855.0,6,Twnhs,2Story,TA,Other,148500.0,142645.11
10175,1425,7,1964,1964,2.0,1425.0,6,1Fam,1Story,TA,NAmes,180500.0,156397.0
6000,1132,5,1939,1950,1.0,608.0,6,1Fam,1.5Fin,TA,BrkSide,134000.0,112607.87
26073,1898,7,1956,1956,2.0,1898.0,5,1Fam,1Story,TA,Crawfor,236500.0,172378.08
7861,1509,7,2002,2003,2.0,783.0,6,1Fam,2Story,Gd,Gilbert,183200.0,176301.08
10950,948,5,1952,1952,2.0,948.0,6,1Fam,1Story,TA,NAmes,125000.0,130774.41
7745,1951,9,1900,1950,2.0,938.0,4,2fmCon,1.5Fin,Fa,OldTown,111500.0,100938.81
10480,1964,8,1976,1976,2.0,803.0,7,1Fam,2Story,TA,NWAmes,205000.0,180176.53
8064,1133,5,1950,1950,2.0,795.0,6,1Fam,1.5Fin,TA,NAmes,128500.0,131575.78
11700,1152,7,1968,1968,2.0,912.0,6,1Fam,1Story,TA,NWAmes,143450.0,148664.53
9350,1265,6,1965,1999,2.0,1219.0,5,1Fam,SLvl,Gd,NAmes,179900.0,172590.44
14684,2196,7,1990,1991,3.0,2158.0,7,1Fam,1Story,Gd,SawyerW,271900.0,268160.78
12090,1868,7,1984,2003,2.0,585.0,6,1Fam,SLvl,TA,NWAmes,178000.0,193485.52
9662,1967,10,1977,1977,2.0,1967.0,5,Duplex,1Story,TA,Sawyer,156500.0,154897.34
15300,1264,7,1965,1977,2.0,1068.0,5,1Fam,1Story,TA,Mitchel,169000.0,158928.7
3768,1452,6,1999,1999,2.0,691.0,7,TwnhsE,2Story,Gd,Somerst,156000.0,161344.98
12003,1968,8,2009,2010,3.0,774.0,8,1Fam,2Story,Ex,Other,269500.0,286443.75
8250,1991,9,1895,2006,0.0,957.0,5,2fmCon,2Story,TA,IDOTRR,119600.0,128509.18
10010,1389,6,1974,1975,2.0,1389.0,5,1Fam,1Story,TA,Mitchel,170000.0,152873.88
10125,1734,8,1977,1977,2.0,0.0,5,Duplex,1.5Fin,Gd,Mitchel,126000.0,135442.77
10541,2037,8,1996,1996,2.0,672.0,7,1Fam,SLvl,Gd,SawyerW,229000.0,210874.2
13053,1848,8,1923,2000,2.0,833.0,6,1Fam,1.5Fin,Gd,BrkSide,207000.0,212714.06
9316,1614,7,2005,2005,2.0,1614.0,7,1Fam,1Story,Gd,CollgCr,225000.0,232134.78
12900,1560,7,1912,2009,0.0,780.0,6,1Fam,2Story,Gd,OldTown,159900.0,137647.36
8574,1232,6,1916,2000,2.0,816.0,6,1Fam,1Story,Gd,Crawfor,147500.0,143477.77
6240,1342,6,2006,2007,2.0,1342.0,8,TwnhsE,1Story,Gd,NridgHt,219500.0,220609.6
8450,890,5,1968,1968,1.0,890.0,5,2fmCon,1Story,TA,Sawyer,115000.0,119917.39
14781,1787,7,2001,2002,3.0,1753.0,8,1Fam,1Story,Gd,CollgCr,275000.0,285941.8
12366,729,5,1945,1950,0.0,0.0,3,1Fam,1Story,TA,IDOTRR,51689.0,64701.965
6000,1090,5,1940,2006,1.0,720.0,6,1Fam,1.5Fin,TA,IDOTRR,120000.0,121578.71
3523,1151,5,2006,2007,2.0,1141.0,8,TwnhsE,1Story,Gd,Somerst,166000.0,188691.12
9750,984,5,1959,1959,1.0,984.0,5,1Fam,1Story,Fa,OldTown,110000.0,119470.49
1900,1092,5,1970,1970,0.0,546.0,4,TwnhsE,2Story,TA,Other,88250.0,78738.63
8800,1054,6,1963,1963,2.0,936.0,6,1Fam,SFoyer,Gd,NAmes,137500.0,153901.52
8544,1040,6,1950,1950,2.0,0.0,3,Duplex,1Story,TA,NAmes,81400.0,87874.69
2665,1475,6,1976,1976,1.0,550.0,5,TwnhsE,2Story,TA,Other,129500.0,122446.88
8990,1498,5,2006,2006,2.0,1498.0,7,1Fam,1Story,Gd,CollgCr,204900.0,235294.4
14260,2198,9,2000,2000,3.0,1145.0,8,1Fam,2Story,Gd,NoRidge,250000.0,300812.7
9612,1468,6,2008,2009,3.0,1468.0,8,1Fam,1Story,Gd,Somerst,244600.0,250488.77
7436,894,5,1960,1960,2.0,894.0,4,1Fam,1Story,TA,NAmes,141500.0,111806.37
8125,1836,8,2008,2009,2.0,1836.0,8,1Fam,1Story,Gd,Somerst,264500.0,299288.66
8212,1298,6,1941,1950,1.0,720.0,5,1Fam,1.5Fin,TA,Edwards,122000.0,118827.914
10936,1504,7,2006,2006,2.0,1504.0,8,1Fam,1Story,Gd,Somerst,199000.0,248408.16
11767,1560,7,1956,1956,1.0,1150.0,5,1Fam,1Story,TA,Edwards,103500.0,138384.97
8298,1564,6,2006,2007,2.0,1546.0,8,1Fam,1Story,Ex,Other,267300.0,261675.67
16287,1351,7,1925,1950,2.0,901.0,5,1Fam,1.5Fin,TA,Edwards,122000.0,139848.2
14572,1530,7,2004,2004,3.0,1530.0,7,1Fam,1Story,Gd,Gilbert,259000.0,230467.6
7242,1270,6,2005,2006,2.0,1270.0,7,1Fam,1Story,Gd,CollgCr,175900.0,183795.94
6390,984,4,1954,1954,1.0,936.0,6,1Fam,1.5Unf,TA,NAmes,112500.0,123376.19
18494,1324,6,2005,2005,2.0,1324.0,6,1Fam,1Story,Gd,Gilbert,199500.0,186802.88
1974,988,5,1973,2006,1.0,526.0,4,Twnhs,SFoyer,TA,Other,105000.0,98125.88
9428,1874,8,2007,2008,3.0,955.0,8,1Fam,2Story,Gd,Somerst,297900.0,260822.84
3907,1020,4,1988,1988,2.0,1004.0,8,TwnhsE,1Story,TA,Other,200000.0,167344.66
13204,1458,6,2006,2007,2.0,608.0,7,1Fam,2Story,Gd,Gilbert,168165.0,176439.5
12090,1422,7,1981,1981,2.0,1422.0,6,1Fam,1Story,Gd,NWAmes,175500.0,180912.1
7627,1701,8,1920,1950,0.0,600.0,4,2fmCon,2Story,Fa,OldTown,94550.0,85843.55
7713,1456,7,2007,2007,2.0,728.0,7,1Fam,2Story,Gd,Gilbert,177594.0,172919.78
11050,1916,8,1998,1999,3.0,1049.0,8,1Fam,2Story,Gd,Mitchel,254900.0,238476.11
9900,1392,6,1915,1950,0.0,1212.0,5,2fmCon,1.5Fin,TA,Other,100000.0,120934.25
3735,1452,6,1999,1999,2.0,691.0,7,TwnhsE,2Story,Gd,Somerst,183900.0,161344.98
12299,1664,7,1978,1985,2.0,1529.0,7,1Fam,1Story,Gd,NWAmes,213000.0,215292.9
12546,1440,7,1981,1981,2.0,1440.0,6,1Fam,1Story,Gd,NWAmes,182900.0,185460.72
11606,2080,9,1969,1969,2.0,1040.0,5,1Fam,2Story,Fa,NAmes,135000.0,163060.31
9215,1218,4,2009,2010,2.0,1218.0,7,1Fam,1Story,Gd,Somerst,204500.0,204666.55
10320,1308,6,1915,1978,2.0,880.0,5,1Fam,1.5Fin,TA,IDOTRR,120000.0,129159.02
9156,1489,7,1968,1968,2.0,1489.0,6,1Fam,1Story,Gd,NWAmes,185750.0,177114.36
9927,1083,5,1976,1976,2.0,1047.0,7,1Fam,SFoyer,TA,NWAmes,172000.0,169391.89
9000,1375,6,1937,1950,1.0,780.0,6,1Fam,1.5Fin,Gd,IDOTRR,141000.0,138334.17
4800,672,4,1940,1950,1.0,672.0,5,1Fam,1Story,TA,OldTown,64000.0,92067.164
12358,1382,7,1941,1950,2.0,720.0,5,1Fam,1.5Fin,TA,OldTown,128500.0,133049.47
12180,1053,5,1938,2007,0.0,585.0,5,1Fam,1.5Fin,Ex,Edwards,120000.0,117501.33
10402,1226,6,2009,2009,3.0,1226.0,7,1Fam,1Story,Gd,CollgCr,198900.0,205586.17
10890,2592,12,1923,1950,0.0,1296.0,5,Duplex,2Story,TA,Other,150000.0,152148.83
9400,1824,8,1971,1971,0.0,912.0,6,Duplex,2Story,TA,Mitchel,139000.0,137234.86
14115,1811,6,1956,2004,2.0,1073.0,6,1Fam,1Story,Ex,Crawfor,230000.0,230572.45
11500,845,5,1957,1957,1.0,0.0,4,1Fam,1Story,TA,Edwards,84000.0,88001.16
13650,1920,8,1958,1958,2.0,1052.0,5,1Fam,1.5Fin,Gd,Sawyer,172500.0,176248.12
8304,1837,7,1997,1998,2.0,941.0,6,1Fam,2Story,TA,SawyerW,187000.0,188991.16
11235,999,6,1963,1963,1.0,925.0,5,2fmCon,SFoyer,TA,Sawyer,130000.0,127586.35
15138,2794,9,1995,1996,3.0,1462.0,8,1Fam,2Story,Ex,NoRidge,403000.0,379516.8
7175,1217,5,1991,1991,2.0,1217.0,6,TwnhsE,1Story,Gd,SawyerW,151000.0,156540.84
3907,1034,4,1989,1989,2.0,982.0,8,TwnhsE,1Story,Gd,Other,185000.0,180881.72
8900,1056,5,1966,1966,1.0,1056.0,4,1Fam,1Story,TA,SawyerW,107000.0,124045.61
10896,3395,12,1914,1995,0.0,1440.0,6,2fmCon,2.5Fin,Fa,Other,200000.0,204953.08
10355,1214,5,1967,1967,1.0,1214.0,5,1Fam,1Story,TA,NAmes,143000.0,138951.11
10206,1563,6,2007,2007,3.0,1563.0,8,1Fam,1Story,Gd,Somerst,245000.0,252752.1
7200,1768,7,1937,1950,1.0,731.0,5,1Fam,1.5Fin,Gd,Other,175000.0,153226.95
10041,1915,8,1992,1992,2.0,908.0,8,1Fam,2Story,Gd,SawyerW,220000.0,219311.53
6120,854,5,1929,2001,2.0,832.0,7,1Fam,1.5Unf,TA,BrkSide,132000.0,128958.52
8973,1053,6,1958,1991,2.0,1008.0,5,1Fam,1Story,Ex,NAmes,150000.0,144757.48
13418,2452,9,2004,2005,3.0,1117.0,8,1Fam,2Story,Gd,NridgHt,309000.0,315505.28
6285,1044,7,1976,1976,2.0,960.0,6,1Fam,SLvl,TA,Edwards,133500.0,135473.77
9278,1092,5,2007,2008,0.0,1092.0,5,1Fam,1Story,TA,Mitchel,146000.0,136257.17
11457,1412,6,1988,1988,2.0,1392.0,6,1Fam,1Story,Gd,Other,175000.0,175240.33
10320,1484,6,1910,1950,1.0,771.0,4,1Fam,1.5Fin,TA,IDOTRR,50000.0,98253.234
8749,1725,6,2002,2002,2.0,840.0,7,1Fam,2Story,Gd,CollgCr,198500.0,204241.1
10261,1792,8,2000,2000,2.0,936.0,6,1Fam,2Story,TA,Gilbert,186500.0,189912.23
9000,1335,6,2006,2007,2.0,1335.0,7,1Fam,1Story,Gd,Somerst,210400.0,199898.73
12493,1100,6,1960,1960,1.0,1100.0,4,1Fam,1Story,TA,NAmes,141000.0,127669.97
8760,1500,7,2006,2006,2.0,1489.0,8,1Fam,1Story,Gd,CollgCr,212999.0,238251.73
13695,1114,6,2003,2004,2.0,1114.0,6,1Fam,1Story,Gd,SawyerW,155000.0,163123.78
11367,1989,7,2002,2002,2.0,1065.0,8,1Fam,2Story,Gd,CollgCr,255000.0,252421.6
21750,1771,9,1960,2006,2.0,0.0,5,1Fam,1Story,TA,Mitchel,115000.0,172639.98
10625,1662,8,2006,2007,3.0,1652.0,7,1Fam,1Story,Ex,Somerst,291000.0,257693.95
6000,1522,7,1926,1950,0.0,1008.0,5,1Fam,1.5Fin,TA,Other,102000.0,130382.13
5160,892,5,1923,1950,0.0,858.0,4,1Fam,SFoyer,Gd,IDOTRR,70000.0,91768.766
8487,1500,6,2004,2004,2.0,1500.0,7,1Fam,1Story,Gd,CollgCr,190000.0,226079.56
11075,1968,7,1969,1969,2.0,784.0,5,1Fam,2Story,TA,Mitchel,172000.0,161451.5
2268,1626,6,2003,2004,2.0,764.0,7,Twnhs,2Story,Gd,NridgHt,173000.0,168708.33
11050,1820,8,1996,1997,3.0,910.0,7,1Fam,2Story,Gd,Mitchel,213000.0,225674.14
1495,1092,5,1970,1970,0.0,546.0,4,TwnhsE,2Story,TA,Other,93900.0,78738.63
12450,1094,6,2003,2004,2.0,1094.0,5,1Fam,1Story,Gd,SawyerW,149000.0,155471.86
4043,1069,4,1977,1977,2.0,1069.0,6,TwnhsE,1Story,TA,Other,127500.0,140032.78
10615,1699,7,1900,1970,2.0,978.0,3,2fmCon,2Story,TA,OldTown,95000.0,104461.1
11058,1564,6,2007,2007,3.0,1564.0,7,1Fam,1Story,Gd,CollgCr,218836.0,233326.42
13200,1570,5,1958,1958,2.0,1395.0,6,1Fam,1Story,TA,NAmes,166800.0,166483.64
12228,1740,8,2006,2006,3.0,1721.0,7,1Fam,1Story,Gd,NridgHt,293000.0,254732.77
8128,1062,6,1954,1954,1.0,1062.0,6,1Fam,1Story,TA,NAmes,131000.0,132782.39
10738,1093,6,1966,1966,2.0,1093.0,6,1Fam,1Story,TA,NWAmes,158500.0,144524.38
8917,1584,8,1967,1967,2.0,1584.0,5,Duplex,1Story,TA,NAmes,119000.0,141301.7
7000,1347,5,1910,1991,0.0,1117.0,5,2fmCon,2Story,TA,Edwards,107500.0,105079.69
9144,1716,8,1915,2004,2.0,810.0,6,1Fam,1.5Fin,Gd,BrkSide,162500.0,183065.77
8396,1986,9,2003,2003,2.0,847.0,7,1Fam,2Story,Gd,Gilbert,213000.0,215464.42
8413,2362,8,1998,1998,2.0,1220.0,8,1Fam,2Story,Gd,Somerst,312500.0,295806.34
9520,930,5,1953,1953,1.0,911.0,4,1Fam,1Story,TA,Edwards,99000.0,107082.95
21533,2049,9,1996,1997,2.0,1065.0,7,1Fam,2Story,Gd,CollgCr,210900.0,253034.03
3830,1726,6,2008,2008,2.0,1726.0,6,TwnhsE,1Story,Gd,Somerst,222000.0,249000.64
19550,1518,5,1940,2007,0.0,1580.0,5,1Fam,1Story,Fa,Edwards,260000.0,142369.9
10708,1867,7,1955,1993,1.0,1617.0,5,1Fam,1Story,TA,Other,190000.0,172896.69
2280,1055,4,1975,1975,2.0,1057.0,7,Twnhs,1Story,TA,Other,123000.0,137208.03
10552,1700,6,1959,1959,2.0,1398.0,5,1Fam,1Story,Gd,NAmes,165500.0,163584.6
8405,1367,7,1900,1950,1.0,861.0,5,1Fam,1.5Fin,TA,Edwards,119000.0,108007.26
6615,1432,6,1923,1950,1.0,1022.0,6,1Fam,1Story,Gd,BrkSide,149000.0,137195.34
16770,1712,8,2002,2003,3.0,1712.0,8,1Fam,1Story,Gd,NridgHt,286500.0,282296.12
9044,2538,8,1996,1997,3.0,1325.0,8,1Fam,2Story,Gd,NoRidge,330000.0,321454.22
8050,1107,5,1967,1993,1.0,949.0,5,1Fam,1Story,Gd,NAmes,127000.0,138006.19
50102,1650,6,1958,1958,2.0,1632.0,6,1Fam,1Story,TA,Other,250764.0,224715.23
7614,1376,7,1905,1950,1.0,738.0,3,1Fam,2Story,TA,OldTown,96900.0,89222.78
7742,955,6,1966,1966,1.0,955.0,5,1Fam,1Story,TA,Sawyer,127000.0,125633.93
7420,1077,5,1939,1950,1.0,991.0,5,2fmCon,1.5Unf,TA,BrkSide,118000.0,116173.81
9790,1342,7,1967,1967,2.0,1372.0,6,1Fam,1Story,TA,NWAmes,161500.0,158186.4
9545,2234,7,2000,2000,3.0,1160.0,8,1Fam,2Story,Gd,NoRidge,300000.0,300858.6
6900,1251,6,1938,2000,1.0,827.0,6,1Fam,1.5Fin,Fa,OldTown,119000.0,121498.38
32668,2515,9,1957,1975,2.0,2035.0,6,1Fam,1Story,TA,Crawfor,200624.0,251595.56
9600,1051,6,1968,1968,2.0,1051.0,5,1Fam,1Story,TA,NAmes,142000.0,139536.06
7875,1144,6,1961,1961,2.0,1144.0,5,1Fam,1Story,TA,NAmes,139950.0,140415.64
8769,1190,5,2005,2005,2.0,1169.0,7,1Fam,1Story,Gd,CollgCr,173500.0,183893.94
8924,1724,8,1998,1999,2.0,880.0,7,1Fam,2Story,Gd,CollgCr,188000.0,204529.17
9610,1336,7,1958,1958,2.0,1121.0,6,1Fam,1Story,TA,NAmes,162000.0,152942.86
3696,1088,5,1986,1986,2.0,1074.0,8,TwnhsE,1Story,Gd,Other,170000.0,176895.6
11949,1755,7,1991,2008,2.0,975.0,7,1Fam,2Story,Gd,NoRidge,235000.0,221091.7
9400,980,4,1975,1975,0.0,945.0,6,Duplex,SFoyer,TA,Edwards,127500.0,121400.164
7200,1040,6,1949,1950,2.0,0.0,4,Duplex,1Story,TA,NAmes,90000.0,85655.13
8500,1317,6,1920,1950,1.0,649.0,4,1Fam,2Story,TA,IDOTRR,40000.0,96390.05
6285,894,5,1977,1977,1.0,894.0,5,1Fam,1Story,TA,Sawyer,120750.0,121148.266
10400,1779,6,1998,1998,2.0,866.0,7,1Fam,2Story,Gd,CollgCr,197900.0,215773.08
10625,2046,8,2003,2004,3.0,998.0,7,1Fam,2Story,Gd,NridgHt,284000.0,243310.02
4608,747,4,1945,1950,1.0,747.0,4,1Fam,1Story,TA,OldTown,80000.0,78655.78
13600,1056,6,1955,1955,1.0,1056.0,5,1Fam,1Story,TA,NAmes,125000.0,134474.5
18261,2000,8,2005,2005,3.0,1910.0,9,1Fam,1Story,Ex,Other,470000.0,386262.47
9337,1786,7,1997,1997,2.0,824.0,6,1Fam,2Story,Gd,CollgCr,204750.0,204105.17
9000,1174,6,1900,2006,2.0,680.0,5,1Fam,1.5Fin,Gd,OldTown,135000.0,127528.32
9392,797,5,1900,1950,0.0,245.0,3,1Fam,1Story,TA,IDOTRR,44000.0,54174.93
6240,1176,6,1934,1950,2.0,816.0,6,1Fam,1.5Fin,TA,BrkSide,114500.0,132753.78
5400,599,4,1940,1950,0.0,416.0,2,1Fam,1Story,Gd,OldTown,59000.0,50619.81
1680,1092,6,1971,1971,1.0,525.0,5,Twnhs,2Story,TA,Other,105500.0,96049.516
11927,1592,7,1994,1995,2.0,1556.0,8,1Fam,1Story,Gd,CollgCr,228000.0,242948.06
9066,1852,7,1999,2000,3.0,1004.0,8,1Fam,2Story,Gd,CollgCr,230000.0,249111.8
12220,2020,9,2009,2009,3.0,2006.0,10,1Fam,1Story,Ex,NridgHt,402861.0,393049.7
9000,1792,8,1974,1974,2.0,896.0,5,Duplex,2Story,TA,NAmes,133000.0,141395.27
8993,1302,6,2007,2007,2.0,1302.0,7,1Fam,1Story,Gd,Gilbert,176485.0,191027.19
13400,1086,6,1966,1966,2.0,1024.0,5,1Fam,SLvl,TA,NAmes,159950.0,150291.2
6360,1453,7,1942,1950,1.0,835.0,5,1Fam,1.5Fin,Gd,BrkSide,132000.0,135677.28
6000,928,5,1957,1957,1.0,928.0,5,1Fam,1Story,TA,OldTown,112500.0,112009.03
9920,971,5,1969,1969,1.0,971.0,5,1Fam,1Story,TA,CollgCr,128500.0,131122.95
9525,1099,6,1995,2006,1.0,1099.0,5,1Fam,1Story,Gd,CollgCr,144000.0,151612.47
9801,1861,7,2007,2007,3.0,1341.0,8,1Fam,2Story,Gd,Somerst,257000.0,265596.56
7500,1246,6,1959,1994,1.0,1246.0,5,1Fam,1Story,Gd,NAmes,154000.0,145926.8
13615,1802,7,2006,2006,3.0,1802.0,9,1Fam,1Story,Ex,NridgHt,372000.0,337628.66
11250,2290,9,2002,2002,2.0,1128.0,8,1Fam,2Story,Gd,CollgCr,255900.0,280343.53
9525,1172,5,1954,1998,1.0,1172.0,5,1Fam,1Story,TA,Edwards,128000.0,138453.61
3180,1200,4,2005,2005,2.0,600.0,7,TwnhsE,2Story,Gd,Somerst,144152.0,156250.75
4060,864,4,1922,1950,0.0,864.0,5,1Fam,1Story,TA,Edwards,99900.0,77423.25
13693,2643,9,2006,2006,3.0,2153.0,9,1Fam,2Story,Ex,NridgHt,380000.0,457698.0
39384,1390,4,1957,1957,2.0,1705.0,6,1Fam,1Story,Ex,NAmes,252000.0,207484.94
3843,1648,5,2007,2008,2.0,1596.0,8,TwnhsE,1Story,Ex,Crawfor,294464.0,278264.03
11920,1659,8,2004,2004,2.0,831.0,7,1Fam,2Story,Gd,SawyerW,181000.0,188022.89
1869,987,5,1970,1970,1.0,483.0,6,Twnhs,2Story,TA,Other,106000.0,97122.43
9600,1661,8,1955,1996,1.0,992.0,6,1Fam,SLvl,Gd,NAmes,165500.0,160210.64
12735,864,5,1972,1972,2.0,864.0,4,1Fam,1Story,TA,NAmes,111250.0,115717.02
11764,2270,9,1999,2007,3.0,1152.0,8,1Fam,2Story,Gd,NoRidge,290000.0,308904.6
10010,2197,9,1993,1994,3.0,1080.0,7,1Fam,2Story,Gd,NoRidge,287500.0,251405.12
8544,1040,6,1950,1950,2.0,0.0,3,Duplex,1Story,TA,NAmes,92900.0,87874.69
8773,1419,4,2002,2002,2.0,1487.0,6,TwnhsE,1Story,Gd,NAmes,190000.0,185822.95
6371,1358,6,2009,2010,2.0,1358.0,7,TwnhsE,1Story,Gd,NridgHt,224000.0,207468.52
7820,1869,6,2007,2007,2.0,1869.0,9,TwnhsE,1Story,Ex,NridgHt,318061.0,336993.97
11700,1743,7,1968,1968,2.0,702.0,6,1Fam,2Story,TA,NWAmes,175000.0,168201.14
4480,1022,4,1922,1950,1.0,1022.0,5,1Fam,1Story,Fa,OldTown,89500.0,94509.73
4080,1378,6,1935,1998,1.0,901.0,6,1Fam,1.5Fin,Gd,OldTown,128900.0,133316.08
14054,1863,9,2006,2006,3.0,879.0,7,1Fam,2Story,Gd,Gilbert,219210.0,231825.05
9672,1097,6,1984,1985,2.0,1040.0,6,1Fam,1Story,TA,SawyerW,152000.0,152712.56
4590,1554,6,2006,2006,2.0,1554.0,8,Twnhs,1Story,Gd,NridgHt,209500.0,245277.97
4435,848,3,2003,2003,2.0,848.0,6,TwnhsE,1Story,Gd,CollgCr,136500.0,141909.14
4835,1488,6,2004,2005,2.0,1488.0,7,TwnhsE,1Story,Gd,Somerst,260000.0,212600.69
7801,1091,5,1951,1951,1.0,1091.0,6,1Fam,1Story,TA,Crawfor,104000.0,131883.33
3675,1072,5,2005,2005,2.0,547.0,6,TwnhsE,SFoyer,Gd,Edwards,140000.0,144633.3
12168,3194,10,1934,1998,2.0,965.0,8,1Fam,2Story,TA,Crawfor,359100.0,293667.28
1894,1092,6,1970,1970,1.0,546.0,4,TwnhsE,2Story,TA,Other,71000.0,85859.27
10141,1718,7,1998,1998,2.0,832.0,7,1Fam,2Story,TA,Gilbert,185000.0,191576.52
9840,1440,7,1959,1998,1.0,1248.0,5,1Fam,1Story,Gd,NAmes,185000.0,157117.42
9179,1790,7,1999,1999,2.0,873.0,7,1Fam,2Story,Gd,CollgCr,193000.0,210579.58
4800,1360,6,1910,2003,1.0,680.0,5,1Fam,2Story,TA,OldTown,111000.0,117299.8
9549,1494,6,1995,1996,2.0,1494.0,8,TwnhsE,1Story,Ex,Other,270000.0,249664.3
5587,1652,5,2008,2008,2.0,1600.0,8,TwnhsE,1Story,Gd,Crawfor,392500.0,268999.12
14154,2172,9,2006,2006,3.0,1063.0,7,1Fam,2Story,Gd,NridgHt,280000.0,263295.28
2572,1416,6,1999,1999,2.0,696.0,7,Twnhs,2Story,Gd,Somerst,155000.0,158042.39
10800,1773,6,1961,1992,2.0,1313.0,6,1Fam,1Story,TA,NAmes,183000.0,173412.4
10562,2161,8,2007,2007,3.0,1582.0,8,1Fam,2Story,Ex,NridgHt,325624.0,325182.34
3628,1143,5,2004,2004,2.0,1143.0,7,TwnhsE,1Story,Gd,Somerst,176400.0,166717.36
6853,1296,6,2001,2002,2.0,1267.0,8,1Fam,1Story,Gd,Other,220000.0,207061.52
17120,1588,7,1959,1959,2.0,0.0,4,1Fam,1.5Fin,TA,Other,134432.0,135701.22
2645,1441,5,1999,2000,2.0,776.0,8,Twnhs,2Story,Gd,Somerst,174000.0,189082.73
13214,2018,10,2008,2009,3.0,2002.0,9,1Fam,1Story,Ex,Other,378500.0,372977.88
10667,1661,6,1996,1996,2.0,799.0,7,1Fam,2Story,Gd,CollgCr,212000.0,196649.3
11175,1316,6,2007,2007,2.0,1316.0,7,1Fam,1Story,Gd,CollgCr,200141.0,196699.0
8730,1396,7,1915,2003,1.0,698.0,6,1Fam,2Story,TA,BrkSide,153575.0,140901.23
17227,1341,5,1999,2000,2.0,1341.0,8,1Fam,1Story,Gd,CollgCr,246900.0,227860.55
9839,2237,7,1980,2006,2.0,712.0,6,1Fam,2Story,Gd,Other,204000.0,222315.48
5500,1073,4,2004,2004,1.0,1073.0,7,1Fam,1Story,TA,Other,157000.0,163390.02
12919,2364,11,2009,2010,3.0,2330.0,9,1Fam,1Story,Ex,NridgHt,611657.0,445275.9
23257,2021,9,2006,2006,2.0,868.0,7,1Fam,2Story,Gd,Gilbert,274725.0,232875.6
4426,848,3,2004,2004,2.0,848.0,6,TwnhsE,1Story,Gd,CollgCr,149300.0,143122.05
16158,1530,7,2005,2005,2.0,1530.0,7,1Fam,1Story,Gd,Other,260000.0,238215.84
9543,1690,7,2001,2001,2.0,845.0,7,1Fam,2Story,Gd,CollgCr,190550.0,195702.81
8480,1216,6,1947,1950,1.0,832.0,5,1Fam,1.5Fin,TA,NAmes,118500.0,122878.19
8600,1376,7,1937,1950,1.0,780.0,6,1Fam,1.5Fin,TA,IDOTRR,119500.0,132705.17
3087,1364,6,2006,2006,2.0,1220.0,7,TwnhsE,1Story,Gd,Other,210250.0,171934.95
6956,936,5,1948,1950,1.0,624.0,4,1Fam,1.5Fin,TA,Edwards,97900.0,86518.08
3760,1235,4,1980,1980,2.0,1235.0,8,Twnhs,1Story,TA,Other,214000.0,178092.34
20270,1524,7,1979,1979,2.0,1524.0,7,1Fam,1Story,TA,Other,245000.0,220857.58
11105,965,4,1996,1996,2.0,870.0,5,1Fam,SFoyer,TA,CollgCr,159000.0,146707.8
10400,2161,8,2001,2001,2.0,1257.0,7,1Fam,2Story,Gd,CollgCr,230500.0,240955.83
11207,1511,8,1997,1997,2.0,802.0,6,1Fam,2Story,TA,Gilbert,185000.0,184797.4
11650,1472,5,1959,1959,2.0,0.0,7,1Fam,1Story,Gd,NAmes,157500.0,159097.48
12224,2054,7,2000,2000,2.0,992.0,6,1Fam,2Story,Gd,Gilbert,244000.0,211408.4
9734,1374,7,2004,2004,2.0,384.0,7,1Fam,SLvl,Gd,Gilbert,167000.0,167327.58
1533,630,3,1970,1970,0.0,630.0,5,Twnhs,SFoyer,Ex,Other,92000.0,94588.17
10625,1958,9,2005,2005,3.0,1026.0,7,1Fam,2Story,Gd,Somerst,250000.0,242914.25
12864,1409,4,2002,2002,2.0,1409.0,7,1Fam,1Story,Gd,Mitchel,245000.0,197382.44
3242,1405,6,2003,2003,2.0,1405.0,7,TwnhsE,1Story,Gd,NridgHt,200000.0,181748.55
3182,1504,7,2005,2006,2.0,1346.0,7,TwnhsE,1Story,Gd,Other,181000.0,192250.6
9018,1456,8,2007,2007,2.0,728.0,7,1Fam,2Story,Gd,Gilbert,179540.0,175153.28
8750,1716,7,1996,1996,2.0,880.0,7,1Fam,2Story,Gd,CollgCr,191000.0,199363.94
5250,2358,8,1872,1987,0.0,684.0,8,1Fam,2Story,TA,OldTown,122000.0,145110.23
12095,1445,7,1964,1964,2.0,1127.0,6,1Fam,SLvl,TA,NAmes,158000.0,165257.06
16219,1119,5,2004,2005,2.0,835.0,7,1Fam,SLvl,Gd,Gilbert,188500.0,180941.77
8872,1384,7,1997,1997,2.0,384.0,6,1Fam,SLvl,TA,Gilbert,161500.0,167777.72
3600,1368,7,1910,1993,1.0,684.0,6,1Fam,2Story,TA,OldTown,114504.0,116807.055
9950,2520,9,1995,1995,3.0,1203.0,7,1Fam,2Story,Gd,NoRidge,290000.0,279459.97
17500,1902,7,1959,2002,2.0,1902.0,7,1Fam,1Story,Ex,Crawfor,335000.0,274310.2
9556,1187,6,1992,1993,2.0,1168.0,7,1Fam,1Story,Gd,Gilbert,160000.0,174770.0
9554,1911,8,1993,1994,2.0,777.0,8,1Fam,2Story,Gd,SawyerW,215000.0,223968.97
9600,1496,6,1960,1960,2.0,1296.0,5,1Fam,1Story,Gd,NAmes,141500.0,158828.86
9591,1713,7,2004,2005,3.0,1713.0,8,1Fam,1Story,Ex,NridgHt,274900.0,281165.0
9060,1828,6,1923,1999,,859.0,5,1Fam,2Story,Gd,IDOTRR,150909.0,171632.84
13891,2822,12,2008,2009,3.0,1734.0,9,1Fam,2Story,Ex,NridgHt,582933.0,444781.47
6292,790,4,1930,1950,1.0,768.0,6,1Fam,1Story,TA,Other,91000.0,109242.7
9079,864,5,1961,1961,1.0,864.0,5,1Fam,1Story,TA,Sawyer,122000.0,119627.945
15256,1464,6,2007,2007,3.0,1485.0,8,1Fam,1Story,Gd,Somerst,282922.0,255394.16
12552,1947,8,2004,2005,2.0,991.0,7,1Fam,2Story,Gd,Somerst,254900.0,232070.81
11075,2112,9,1969,1969,2.0,952.0,6,1Fam,2Story,TA,NAmes,206900.0,177603.86
7822,1338,7,1915,1950,2.0,832.0,6,1Fam,1.5Fin,TA,Edwards,92000.0,124967.02
7018,1535,8,1979,1979,2.0,0.0,5,Duplex,1Story,TA,SawyerW,118858.0,124822.54
8577,1733,7,2004,2004,2.0,847.0,7,1Fam,2Story,Gd,Gilbert,185088.0,197556.08
8172,1470,7,1954,1972,1.0,941.0,4,1Fam,1.5Fin,TA,Edwards,135000.0,118050.57
8512,1556,8,1960,1960,0.0,1556.0,5,Duplex,1Story,TA,NAmes,119000.0,123300.31
15600,1523,7,1949,2005,1.0,1067.0,5,1Fam,1.5Fin,Fa,Crawfor,158000.0,167938.92
7018,1535,8,1979,1979,2.0,0.0,5,Duplex,1Story,TA,SawyerW,118964.0,124822.54
10050,1216,5,1955,1955,1.0,1216.0,5,1Fam,1Story,TA,NAmes,129500.0,136289.39
9600,1472,6,1925,1994,1.0,702.0,5,1Fam,1.5Fin,Gd,OldTown,125000.0,136196.75
17140,1229,6,1956,1956,1.0,1134.0,4,1Fam,1Story,TA,Edwards,135000.0,128615.12
9024,1515,8,2004,2004,2.0,789.0,6,1Fam,2Story,Gd,Gilbert,179000.0,177441.34
11000,2172,8,2000,2000,3.0,1519.0,9,1Fam,2Story,Ex,NoRidge,291000.0,362837.47
7200,1072,5,1940,1950,2.0,808.0,5,1Fam,1Story,TA,OldTown,130000.0,113459.68
11382,1374,7,1964,1964,1.0,1130.0,6,1Fam,1Story,TA,NAmes,147000.0,148864.72
9750,1625,8,1965,1965,2.0,1625.0,5,Duplex,1Story,TA,NWAmes,140500.0,143553.45
6882,1355,7,1914,2006,0.0,684.0,6,1Fam,2Story,Gd,IDOTRR,127000.0,118818.96
6120,995,5,1925,1999,1.0,960.0,5,1Fam,1Story,TA,BrkSide,115000.0,112086.61
7750,1419,7,2002,2002,2.0,408.0,8,1Fam,SLvl,Gd,Gilbert,184100.0,185368.06
4280,704,4,1946,2001,1.0,560.0,4,1Fam,1Story,Fa,Sawyer,88750.0,88783.19
10012,1181,6,1972,1972,2.0,1138.0,4,1Fam,SFoyer,TA,Edwards,137500.0,137446.52
9345,1615,7,2007,2007,3.0,1615.0,8,1Fam,1Story,Gd,CollgCr,248500.0,254965.11
53107,1953,9,1992,1992,2.0,1580.0,6,1Fam,2Story,Gd,Other,240000.0,278992.62
8500,1517,7,1919,2005,0.0,793.0,5,1Fam,1.5Fin,Fa,IDOTRR,115000.0,117811.914
12700,1246,6,1964,1964,2.0,1246.0,6,1Fam,SLvl,TA,NAmes,172000.0,163398.75
9900,1209,6,1966,1966,2.0,1209.0,5,1Fam,1Story,TA,NAmes,159000.0,148377.44
7945,1150,6,1959,1959,1.0,1150.0,5,1Fam,1Story,TA,NAmes,141000.0,135006.23
14217,1022,6,1994,1994,2.0,1022.0,5,1Fam,1Story,TA,CollgCr,139500.0,147353.23
8010,951,6,1958,2007,2.0,951.0,6,1Fam,1Story,Gd,NAmes,143500.0,146638.56
14277,2385,7,2003,2003,3.0,1317.0,8,1Fam,2Story,Gd,NridgHt,350000.0,319783.8
8660,2168,11,1900,1993,2.0,760.0,5,1Fam,2Story,Gd,IDOTRR,123000.0,156296.8
7111,1143,5,1928,1983,1.0,1008.0,5,1Fam,1Story,TA,BrkSide,138000.0,116294.086
17082,1981,8,1978,1992,2.0,1117.0,6,1Fam,2Story,Gd,Other,230000.0,232948.45
17423,2234,9,2008,2009,3.0,2216.0,9,1Fam,1Story,Ex,Other,501837.0,421248.75
7917,1113,6,1976,1976,1.0,1143.0,6,1Fam,1Story,TA,Edwards,148000.0,132553.0
10791,2495,9,1993,1993,2.0,1280.0,6,1Fam,2Story,Gd,NWAmes,243500.0,240683.0
13693,2464,9,2007,2007,3.0,2418.0,8,1Fam,1Story,Ex,NridgHt,417500.0,420240.78
11625,1039,6,1965,1965,2.0,1039.0,5,2fmCon,1Story,TA,Sawyer,131500.0,136920.06
12968,912,4,1962,1962,1.0,912.0,5,1Fam,1Story,TA,Sawyer,144000.0,127029.32
9373,1621,7,1975,1975,2.0,1621.0,5,1Fam,1Story,TA,NWAmes,213000.0,160865.77
1680,987,5,1973,1973,1.0,483.0,6,Twnhs,2Story,TA,Other,111000.0,98562.56
8778,1830,7,2006,2006,3.0,1302.0,8,1Fam,2Story,Gd,Somerst,221300.0,263427.9
12456,1718,7,2006,2007,3.0,1700.0,10,1Fam,1Story,Ex,NridgHt,337500.0,349386.53
10800,2495,10,1890,1999,2.0,1313.0,7,1Fam,2Story,TA,OldTown,184000.0,193474.45
8927,1654,10,1977,1977,2.0,0.0,6,Duplex,1.5Fin,TA,Sawyer,119500.0,132119.98
11070,1959,9,1988,1989,3.0,1907.0,7,Duplex,1Story,TA,Mitchel,171000.0,220269.86
9139,1432,7,2006,2006,2.0,1422.0,8,1Fam,1Story,Gd,Somerst,245000.0,230105.66
8872,912,5,1965,2008,2.0,912.0,5,1Fam,1Story,Gd,NAmes,147000.0,144641.16
9600,1433,7,1961,1990,2.0,1251.0,5,1Fam,1Story,TA,NAmes,161000.0,158615.27
9926,1614,7,2005,2006,3.0,1614.0,7,1Fam,1Story,Gd,NridgHt,245700.0,239871.58
9928,1478,6,1991,1992,2.0,1454.0,7,1Fam,1Story,TA,Mitchel,210000.0,179673.25
9464,1080,5,1958,1958,1.0,1080.0,6,1Fam,1Story,TA,NAmes,136000.0,134450.9
14364,2062,7,1988,1989,2.0,1157.0,7,1Fam,2Story,TA,SawyerW,277000.0,211058.69
10266,1536,7,1952,1952,1.0,768.0,6,1Fam,2Story,TA,IDOTRR,136000.0,141309.12
6720,1436,7,1921,1950,1.0,585.0,6,1Fam,2Story,TA,Crawfor,141500.0,133807.75
10020,904,4,1922,1950,0.0,683.0,1,1Fam,1Story,Fa,Edwards,61000.0,35933.574
11454,1511,6,1995,1995,3.0,1401.0,8,1Fam,SLvl,Gd,SawyerW,225000.0,230972.78
1680,987,5,1971,1971,1.0,483.0,6,Twnhs,2Story,TA,Other,96000.0,97122.43
12198,1411,7,1955,1975,1.0,1204.0,5,1Fam,1Story,TA,NAmes,130000.0,138402.27
32463,1622,7,1961,1975,3.0,1249.0,4,2fmCon,1Story,TA,Mitchel,168000.0,146681.5
11762,2202,9,1992,1993,2.0,1105.0,8,1Fam,2Story,Gd,NoRidge,263000.0,272454.66
10530,2075,8,1993,1993,2.0,1148.0,7,1Fam,2Story,Gd,NWAmes,255000.0,223708.11
9500,1977,9,1964,1978,2.0,816.0,6,1Fam,2Story,TA,NAmes,165000.0,174425.83
6264,1682,6,1997,1997,2.0,1664.0,8,1Fam,1Story,Gd,Other,247900.0,262444.44
7740,1363,6,1910,1950,2.0,622.0,4,1Fam,2Story,TA,OldTown,125500.0,92022.92
8800,1140,7,1910,2004,0.0,576.0,4,1Fam,1.5Fin,TA,OldTown,96500.0,84821.586
8750,1002,5,1970,1970,2.0,1002.0,5,1Fam,1Story,TA,NAmes,148500.0,133568.81
10171,1535,7,2004,2004,2.0,1517.0,7,1Fam,1Story,Gd,NridgHt,214000.0,231338.06
7500,1040,5,1963,1963,1.0,1040.0,5,1Fam,1Story,TA,Sawyer,133000.0,129945.305
11777,1320,6,1966,1966,2.0,1164.0,5,1Fam,SLvl,TA,Sawyer,164500.0,157592.67
8525,1964,7,1911,1950,0.0,940.0,5,1Fam,2Story,TA,Other,130000.0,120871.18
8741,1487,7,1945,1950,1.0,735.0,6,1Fam,1.5Fin,TA,Edwards,113000.0,130926.27
7577,1362,6,2005,2006,2.0,1362.0,6,TwnhsE,1Story,Gd,NridgHt,194700.0,202111.44
11194,1696,7,2008,2008,3.0,1696.0,8,1Fam,1Story,Gd,Somerst,275000.0,280637.78
12778,1008,4,1952,2003,1.0,1008.0,5,1Fam,1Story,TA,NAmes,139500.0,135723.22
9660,1976,7,1998,1998,3.0,1044.0,8,1Fam,2Story,Gd,NoRidge,286000.0,272160.16
8000,1256,6,1959,1959,1.0,1256.0,5,1Fam,1Story,Gd,NAmes,159000.0,142160.95
8750,918,4,1975,1975,1.0,852.0,7,1Fam,SLvl,TA,Mitchel,148000.0,146794.72
11345,1920,10,1948,1950,2.0,928.0,5,Duplex,2Story,TA,NAmes,137000.0,143433.72
4000,1098,5,1930,1995,1.0,531.0,7,1Fam,2Story,TA,Crawfor,148500.0,133996.61
11065,1970,8,2006,2006,3.0,1085.0,8,1Fam,2Story,Ex,NridgHt,281000.0,288785.62
10950,1064,4,1952,1952,1.0,864.0,5,1Fam,1Story,Fa,NAmes,135000.0,108375.195
6876,1969,9,1938,1958,2.0,1272.0,6,1Fam,1.5Fin,TA,IDOTRR,141000.0,161885.2
23303,2520,10,2007,2007,3.0,1508.0,8,1Fam,2Story,Ex,NridgHt,409900.0,378487.4
12203,2612,8,1998,1999,3.0,1225.0,8,1Fam,2Story,Gd,NoRidge,336000.0,315201.25
9938,1626,7,1994,1994,2.0,1602.0,7,1Fam,1Story,Gd,SawyerW,226500.0,221016.44
6435,1577,6,1939,1950,1.0,972.0,6,1Fam,1.5Fin,Fa,BrkSide,140200.0,135440.58
8400,898,6,1968,1968,1.0,833.0,5,1Fam,SFoyer,TA,NAmes,140000.0,126591.766
11380,1128,5,1966,2008,1.0,1080.0,6,1Fam,SFoyer,Gd,NAmes,178000.0,157015.27
10004,1516,6,1964,1964,2.0,1516.0,6,1Fam,1Story,TA,NAmes,167000.0,163692.6
15262,2200,8,2003,2004,3.0,2200.0,8,1Fam,1Story,Ex,NridgHt,382500.0,369299.7
6000,1412,6,1939,1950,1.0,780.0,6,1Fam,1.5Fin,TA,BrkSide,132500.0,127418.18
4113,1337,5,2001,2001,2.0,1337.0,6,TwnhsE,1Story,Gd,NAmes,155000.0,175695.83
8050,914,4,2002,2002,0.0,914.0,6,1Fam,1Story,Gd,Edwards,117250.0,130480.9
10237,1492,8,2006,2006,2.0,738.0,7,1Fam,2Story,Gd,Gilbert,169985.0,179006.06
8640,1338,6,2007,2007,2.0,1338.0,8,1Fam,1Story,Gd,Somerst,208900.0,221693.02
9720,1009,6,1977,1977,2.0,995.0,5,1Fam,SLvl,TA,CollgCr,160000.0,149744.11
7937,1003,6,1984,1984,2.0,1003.0,6,1Fam,SLvl,TA,Mitchel,142500.0,153843.84
7976,2787,8,2000,2000,3.0,1168.0,7,Duplex,2Story,TA,SawyerW,269500.0,264819.34
15431,2402,10,2008,2008,3.0,3094.0,10,1Fam,1Story,Ex,NridgHt,555000.0,491193.84
8246,1060,6,1968,2001,1.0,1060.0,5,1Fam,1Story,Gd,Sawyer,154000.0,144499.7
11824,1685,5,2006,2006,3.0,1685.0,8,1Fam,1Story,Gd,Somerst,253000.0,278242.78
9375,1992,9,2003,2004,2.0,1053.0,8,1Fam,2Story,Gd,Somerst,250000.0,255608.83
7628,1656,8,1940,1985,2.0,801.0,4,1Fam,1.5Fin,TA,OldTown,119164.0,125327.46
7550,1362,7,1920,1950,1.0,951.0,4,1Fam,1.5Fin,TA,Edwards,96000.0,107109.82
5805,1347,6,1957,1957,2.0,1347.0,5,1Fam,1Story,Gd,OldTown,143000.0,151281.72
11080,1210,6,1975,1975,2.0,1128.0,6,1Fam,SLvl,TA,Mitchel,148000.0,160253.89
6402,1192,6,1920,1950,1.0,596.0,5,1Fam,2Story,TA,IDOTRR,78000.0,103773.484
8127,1653,6,2003,2003,2.0,812.0,7,1Fam,2Story,Gd,Somerst,209000.0,197219.31
6000,1456,7,1915,2005,1.0,728.0,6,1Fam,2.5Unf,Gd,OldTown,139500.0,140665.34
2760,1092,6,1973,1973,2.0,525.0,6,TwnhsE,2Story,TA,Other,105500.0,108147.64
7064,980,6,1977,1977,2.0,980.0,5,1Fam,1Story,TA,Sawyer,135000.0,130532.67
12400,1717,7,1940,1950,1.0,901.0,5,1Fam,1.5Fin,TA,Crawfor,194000.0,159992.61
57200,1687,7,1948,1950,2.0,747.0,5,1Fam,1Story,TA,Other,160000.0,191854.06
7922,1057,5,1953,2007,1.0,1057.0,5,1Fam,1Story,Gd,NAmes,109000.0,144194.5
25419,3112,8,1918,1990,2.0,1360.0,8,1Fam,2Story,Gd,NAmes,235000.0,299454.25
8773,1414,6,2004,2004,2.0,1414.0,7,1Fam,1Story,Gd,CollgCr,185500.0,195250.19
10635,1668,8,2003,2003,2.0,1657.0,8,1Fam,1Story,Gd,CollgCr,232000.0,255647.1
9360,1269,7,1962,2001,1.0,621.0,6,1Fam,2Story,TA,Edwards,134500.0,134225.69
11040,1258,5,1971,2004,2.0,1258.0,6,1Fam,1Story,Gd,NWAmes,145000.0,172161.7
10547,1152,6,1978,1978,1.0,1152.0,5,Duplex,SFoyer,TA,Edwards,159900.0,132821.28
9017,1431,6,1999,1999,2.0,1431.0,7,1Fam,1Story,Gd,CollgCr,192000.0,203451.03
10215,948,5,1954,1954,1.0,864.0,4,1Fam,1Story,TA,Edwards,111000.0,107594.28
11200,1040,5,1965,1965,1.0,1040.0,5,1Fam,1Story,TA,Sawyer,129500.0,131897.16
10682,1149,7,1960,1971,1.0,1014.0,4,1Fam,1Story,TA,Edwards,127000.0,121170.45
8089,1419,7,2007,2007,2.0,1419.0,8,1Fam,1Story,Gd,Other,392000.0,230973.45
8147,1714,7,2005,2005,2.0,1714.0,9,TwnhsE,1Story,Gd,Other,318000.0,287025.66
7200,1595,7,1915,1950,2.0,663.0,6,1Fam,2Story,TA,OldTown,155500.0,135771.52
9360,976,4,1968,2004,2.0,976.0,6,1Fam,1Story,Gd,NAmes,157500.0,151459.28
6120,800,4,1936,1950,0.0,264.0,2,1Fam,1Story,Fa,BrkSide,60000.0,44759.64
9337,1692,8,1997,1998,2.0,878.0,7,1Fam,2Story,TA,CollgCr,191000.0,197595.27
7321,1358,5,1999,2000,2.0,1339.0,7,1Fam,1Story,Gd,Somerst,204000.0,200760.75
8197,1480,7,2003,2009,2.0,1480.0,7,1Fam,1Story,Gd,NAmes,214000.0,210914.02
8125,858,5,1971,1971,0.0,858.0,4,1Fam,1Story,TA,NAmes,88000.0,107807.305
12438,1499,6,1995,1995,2.0,781.0,6,1Fam,2Story,Gd,CollgCr,187000.0,180681.39
8170,1671,7,1929,1950,2.0,1022.0,7,1Fam,1.5Fin,TA,Crawfor,218000.0,173140.08
8640,1770,7,1968,1968,2.0,900.0,5,1Fam,2Story,TA,NAmes,155000.0,155690.86
14235,1445,6,1900,1993,2.0,676.0,6,1Fam,1.5Fin,TA,SawyerW,138500.0,163606.6
3000,1224,4,2009,2009,2.0,612.0,6,TwnhsE,2Story,Gd,Somerst,173733.0,157600.64
10164,1465,6,1939,1950,1.0,992.0,5,1Fam,1.5Fin,TA,Other,131000.0,148507.39
7584,1036,5,1953,1953,1.0,1036.0,5,1Fam,1Story,TA,NAmes,112900.0,127461.45
10832,1895,7,1994,1996,2.0,712.0,7,1Fam,2Story,Gd,Gilbert,194500.0,210535.0
7700,1839,7,1966,1966,2.0,756.0,6,1Fam,2Story,TA,NAmes,155000.0,162393.62
8402,1120,6,2007,2007,0.0,1120.0,5,1Fam,1Story,TA,Mitchel,147000.0,136324.36
10320,2180,7,1915,1950,2.0,1138.0,6,1Fam,1.5Fin,TA,IDOTRR,161000.0,161188.88
5000,1440,6,1900,1950,1.0,540.0,5,1Fam,1.5Fin,TA,OldTown,79000.0,108035.38
9100,864,5,1958,1958,2.0,864.0,5,1Fam,1Story,TA,NAmes,129900.0,122238.15
9839,1666,7,1931,1950,0.0,894.0,5,1Fam,1.5Fin,TA,Other,100000.0,140578.98
10152,1124,6,1956,1994,1.0,1124.0,6,1Fam,1Story,TA,NAmes,153000.0,143765.55
9560,864,5,1972,1972,1.0,864.0,5,1Fam,1Story,TA,CollgCr,128500.0,126341.38
4928,958,5,1976,1976,2.0,958.0,6,TwnhsE,1Story,TA,Other,143750.0,126788.23
4571,1344,7,1916,1950,3.0,624.0,5,1Fam,2Story,TA,OldTown,98000.0,113785.305
10712,974,5,1991,1992,0.0,974.0,5,1Fam,1Story,TA,Mitchel,93500.0,127291.26
11600,2274,12,1960,1960,2.0,1105.0,5,Duplex,2Story,TA,NAmes,154300.0,160678.25
5395,1337,5,1993,1993,2.0,1337.0,8,TwnhsE,1Story,Gd,Other,180000.0,216316.19
7024,1090,5,2005,2006,2.0,1090.0,5,1Fam,1Story,TA,Edwards,157000.0,146820.75
8668,1560,8,1968,1968,3.0,1560.0,5,Duplex,1Story,TA,NAmes,126000.0,141573.64
11844,2046,7,2008,2008,3.0,2046.0,8,1Fam,1Story,Gd,Other,372500.0,317749.44
6882,1152,6,1955,1955,0.0,0.0,4,Duplex,1Story,Fa,Edwards,61500.0,82195.95
9488,1054,6,1947,1993,1.0,1046.0,5,1Fam,1Story,TA,Sawyer,124000.0,126690.805
1680,948,5,1972,1972,1.0,483.0,6,Twnhs,2Story,TA,Other,89000.0,98879.94
14828,1780,7,2004,2005,3.0,1780.0,9,1Fam,1Story,Ex,NridgHt,378000.0,344679.4
11950,1394,7,2003,2003,2.0,384.0,7,1Fam,SLvl,Gd,Gilbert,165500.0,168883.14
1477,630,3,1970,1970,1.0,630.0,4,TwnhsE,SFoyer,TA,Other,80000.0,81460.68
13132,1784,9,1914,1950,1.0,747.0,5,1Fam,2Story,TA,Crawfor,138887.0,140330.38
9658,1606,6,2006,2006,3.0,1598.0,8,1Fam,1Story,Gd,NridgHt,255900.0,255769.77
5100,1666,7,1925,1996,1.0,588.0,8,1Fam,2Story,Gd,OldTown,161000.0,175172.66
5720,1131,5,1941,1950,1.0,676.0,5,1Fam,1.5Fin,TA,OldTown,66500.0,98445.42
8760,936,4,1957,1999,1.0,936.0,6,1Fam,1Story,Gd,NAmes,141000.0,141349.83
9247,1716,8,1962,1962,2.0,858.0,6,1Fam,2Story,TA,NAmes,171000.0,158521.2
9260,1374,6,1938,1950,1.0,884.0,5,1Fam,1.5Fin,TA,Crawfor,110000.0,143043.72
10632,1224,6,1917,1950,1.0,689.0,5,1Fam,1.5Fin,Fa,Other,107500.0,112981.78
7733,1142,5,2005,2005,0.0,1142.0,6,1Fam,1Story,Gd,SawyerW,139500.0,141103.75
9187,1766,7,2009,2009,3.0,1766.0,9,1Fam,1Story,Ex,Somerst,370878.0,350220.53
16033,1850,8,2004,2005,3.0,1833.0,9,1Fam,1Story,Gd,NridgHt,326000.0,346322.6
7200,1238,6,1950,1950,1.0,864.0,5,1Fam,1Story,TA,NAmes,102000.0,125713.03
5814,1360,4,1984,1984,2.0,1220.0,8,TwnhsE,1Story,Gd,Other,187500.0,203361.61
2364,1548,7,1978,1978,2.0,804.0,6,TwnhsE,2Story,TA,Other,147000.0,154766.66
10574,2332,9,2004,2004,3.0,1148.0,8,1Fam,2Story,Ex,NridgHt,316000.0,325923.75
10000,1588,7,2006,2006,3.0,1588.0,8,1Fam,1Story,Gd,Somerst,227000.0,250501.42
12798,1688,8,1997,1997,2.0,616.0,6,1Fam,2Story,Gd,Other,200000.0,197730.98
7758,999,6,1962,2001,1.0,999.0,5,1Fam,1Story,Gd,Sawyer,132500.0,138932.3
2117,1573,4,2000,2000,2.0,756.0,6,Twnhs,2Story,Gd,Somerst,177000.0,171222.66
9660,2199,9,1997,1997,2.0,1173.0,8,1Fam,2.5Unf,Gd,NoRidge,284500.0,280948.4
8750,1772,7,1998,1998,2.0,928.0,6,1Fam,2Story,TA,CollgCr,200000.0,195659.89
1680,1302,6,1972,1972,1.0,630.0,5,Twnhs,2Story,TA,Other,119500.0,116772.414
7500,1143,5,2006,2006,0.0,1143.0,7,1Fam,1Story,Gd,SawyerW,147000.0,156483.08
13517,1479,6,1976,2005,2.0,725.0,6,1Fam,2Story,Gd,Sawyer,130500.0,174806.84
9245,990,5,1994,1995,2.0,990.0,5,1Fam,1Story,TA,CollgCr,145000.0,146270.95
8850,1690,7,1916,1950,1.0,815.0,7,1Fam,2.5Unf,TA,OldTown,144000.0,144447.89
10125,1594,7,2004,2004,2.0,846.0,7,1Fam,2Story,Gd,Gilbert,195500.0,184240.11
9605,1218,6,2007,2007,2.0,1218.0,7,1Fam,1Story,Gd,SawyerW,159000.0,180395.06
1890,1092,5,1972,1972,1.0,546.0,4,TwnhsE,2Story,TA,Other,85500.0,87411.05
7200,1398,6,1976,2001,2.0,684.0,6,1Fam,2Story,TA,Edwards,160500.0,144248.28
11825,1694,7,2006,2007,3.0,1694.0,8,1Fam,1Story,Gd,NridgHt,322400.0,273228.5
10800,2078,8,2007,2008,3.0,1034.0,8,1Fam,2Story,Ex,Somerst,339750.0,282552.0
7488,1208,6,2005,2005,2.0,1208.0,7,1Fam,1Story,Gd,CollgCr,183600.0,181667.28
8012,1617,5,1993,1994,2.0,1604.0,6,TwnhsE,1Story,Gd,SawyerW,193000.0,201804.62
2289,1441,7,1978,1978,2.0,855.0,6,Twnhs,2Story,TA,Other,148500.0,146621.64
9990,1689,6,1991,1991,2.0,1680.0,4,1Fam,1Story,TA,Mitchel,228500.0,153114.05
3072,1548,7,2004,2004,2.0,1365.0,7,TwnhsE,1Story,Gd,Other,225000.0,196278.5
2544,1223,4,2005,2005,2.0,600.0,7,Twnhs,2Story,Gd,Somerst,147400.0,157837.39
7804,1981,7,1928,1950,2.0,1122.0,4,1Fam,1.5Fin,Gd,Other,135000.0,161615.25
9204,1144,6,1963,1963,1.0,1144.0,5,1Fam,1Story,TA,NAmes,124000.0,138760.02
7500,1312,6,1947,1950,2.0,784.0,6,1Fam,1.5Fin,TA,NAmes,127000.0,139245.34
5400,691,4,1920,1950,1.0,691.0,5,1Fam,1Story,Ex,OldTown,86000.0,86095.664
4882,906,5,1937,1950,1.0,348.0,4,1Fam,2Story,TA,BrkSide,87000.0,78562.89
13693,2674,8,2007,2007,3.0,2630.0,10,1Fam,1Story,Ex,NridgHt,610000.0,524204.28
6240,1536,7,1930,1950,2.0,928.0,5,1Fam,1.5Fin,TA,BrkSide,138400.0,142318.72
5604,864,5,1925,1950,0.0,864.0,5,1Fam,1Story,TA,Edwards,98000.0,86478.48
16659,2263,9,1977,1994,2.0,795.0,7,1Fam,2Story,Gd,NWAmes,235000.0,234335.72
9120,1820,8,1925,1950,1.0,1026.0,7,1Fam,1.5Fin,TA,BrkSide,184000.0,174013.44
7890,856,4,1939,1950,2.0,856.0,6,1Fam,1Story,TA,Other,126000.0,122822.77
12361,1802,8,1993,1993,3.0,946.0,6,1Fam,2Story,Gd,SawyerW,218000.0,192870.38
7200,1040,5,1950,1950,2.0,0.0,5,1Fam,1Story,TA,NAmes,109500.0,109640.26
12180,924,5,1941,1950,1.0,672.0,4,2fmCon,1.5Fin,Fa,Edwards,80000.0,85081.57
9084,1510,7,1940,1950,1.0,755.0,4,1Fam,2Story,TA,Edwards,108000.0,112586.17
9600,1067,4,1950,1995,2.0,1067.0,4,1Fam,1Story,Gd,Sawyer,128000.0,132689.22
11362,1836,7,2004,2005,3.0,1836.0,8,1Fam,1Story,Gd,NridgHt,280000.0,293755.8
12760,2048,9,1976,1976,2.0,1958.0,6,Duplex,1Story,TA,Mitchel,170000.0,170210.48
12150,1795,7,1954,1954,1.0,1050.0,5,1Fam,1.5Fin,TA,OldTown,131500.0,139703.44
1700,1700,7,1980,1981,1.0,430.0,7,Twnhs,1.5Fin,Gd,Other,148400.0,139140.61
3182,1200,4,2004,2005,2.0,600.0,7,TwnhsE,2Story,Gd,Somerst,151000.0,157308.44
11355,1312,6,1958,2001,2.0,1312.0,7,1Fam,1Story,TA,NAmes,186000.0,172399.45
7023,1408,6,2005,2006,2.0,734.0,5,1Fam,2Story,TA,Edwards,171500.0,141418.45
15635,1383,6,1954,1954,2.0,0.0,4,1Fam,1Story,TA,Edwards,122000.0,113723.58
9150,1431,6,1962,1962,1.0,1099.0,6,1Fam,SLvl,TA,NAmes,165000.0,152651.84
7689,796,4,1972,1972,1.0,796.0,5,1Fam,SFoyer,TA,Mitchel,131900.0,131722.05
6000,949,5,1924,2003,2.0,949.0,5,1Fam,1Story,TA,BrkSide,119000.0,113247.16
11250,1939,8,1998,1998,3.0,1054.0,7,1Fam,2Story,Gd,CollgCr,227000.0,245561.17
11029,2654,9,1968,1984,2.0,1054.0,6,1Fam,2Story,Gd,NWAmes,250000.0,240712.38
8685,1425,5,1998,1998,2.0,1425.0,7,1Fam,1Story,TA,CollgCr,193000.0,201146.14
5232,764,4,1925,2004,2.0,680.0,5,1Fam,1Story,TA,OldTown,73000.0,98069.09
12853,1418,6,2010,2010,3.0,1642.0,8,1Fam,1Story,Gd,Somerst,267916.0,262063.02
11049,1234,7,2007,2007,2.0,1234.0,8,1Fam,1Story,Gd,CollgCr,179900.0,207598.16
11664,1611,6,2002,2002,3.0,1569.0,7,1Fam,1Story,Gd,CollgCr,250000.0,236032.25
9750,980,5,1962,1962,2.0,980.0,5,1Fam,1Story,TA,Sawyer,110000.0,130155.77
8280,932,4,1950,1950,1.0,932.0,6,1Fam,1Story,Gd,NAmes,124000.0,127600.47
11227,1440,7,1968,1968,2.0,720.0,5,1Fam,2Story,TA,Sawyer,163000.0,149562.72
10994,1844,7,2005,2006,2.0,1844.0,8,1Fam,1Story,Gd,SawyerW,257000.0,270904.22
11492,2122,8,1996,1997,2.0,913.0,7,1Fam,2Story,Gd,SawyerW,220000.0,227685.25
13673,1696,8,1962,1962,1.0,1140.0,5,1Fam,1Story,TA,Sawyer,143900.0,154384.42
13101,1728,10,1965,1965,2.0,1728.0,5,Duplex,1Story,TA,NAmes,142600.0,141647.11
11024,1400,6,2005,2006,2.0,1400.0,7,1Fam,1Story,Gd,SawyerW,186800.0,196894.75
10928,1456,8,2005,2005,2.0,728.0,7,1Fam,2Story,Gd,Gilbert,184000.0,174249.1
12000,1564,7,1941,1950,1.0,704.0,7,1Fam,2Story,Fa,Crawfor,174500.0,171172.53
9600,1568,7,1967,1967,2.0,1568.0,5,1Fam,1Story,TA,NAmes,143000.0,158087.92
10800,2614,9,1974,1997,2.0,1522.0,6,1Fam,2Story,TA,NWAmes,240000.0,223917.5
7500,1158,5,2004,2004,0.0,1158.0,6,1Fam,1Story,Gd,SawyerW,143500.0,144412.08
12102,1033,6,1976,1976,2.0,456.0,5,1Fam,SFoyer,TA,Edwards,165000.0,131734.36
10000,1392,6,2002,2002,3.0,1441.0,5,1Fam,1Story,Gd,Mitchel,215000.0,176643.56
6001,919,5,1940,1950,1.0,600.0,6,1Fam,1.5Fin,TA,Other,95000.0,105381.56
8402,1465,7,1998,1998,2.0,789.0,6,1Fam,2Story,TA,Gilbert,180400.0,171779.73
11631,2373,9,2004,2005,3.0,1052.0,8,1Fam,2Story,Gd,Gilbert,258000.0,276162.28
13518,3140,11,2008,2009,3.0,1926.0,9,1Fam,2Story,Ex,NridgHt,485000.0,480022.66
10122,869,3,1948,1950,1.0,0.0,4,1Fam,1Story,TA,OldTown,89900.0,86509.99
8340,1388,6,1977,1977,1.0,675.0,6,1Fam,2Story,TA,CollgCr,157500.0,148270.2
9627,2000,9,1993,1994,3.0,996.0,7,1Fam,2Story,TA,Mitchel,188000.0,208587.64
12867,2253,8,2005,2006,2.0,1209.0,8,1Fam,2Story,Ex,NridgHt,344133.0,303466.75
21370,1640,7,1950,1950,2.0,0.0,5,1Fam,1Story,TA,Sawyer,131000.0,149112.1
9262,1578,7,2008,2009,3.0,1573.0,8,1Fam,1Story,Ex,Somerst,287090.0,271626.53
1733,1032,5,1980,1980,2.0,516.0,6,Twnhs,2Story,TA,Other,115000.0,112252.96
13418,2748,9,2006,2006,3.0,1850.0,9,1Fam,2Story,Ex,NridgHt,390000.0,443913.6
6120,1513,8,1920,2004,1.0,939.0,5,1Fam,2Story,TA,BrkSide,137500.0,143005.8
8092,1050,6,1954,2000,1.0,1050.0,6,1Fam,1Story,Gd,NAmes,156000.0,143824.92
8640,1314,6,2009,2009,2.0,1300.0,8,1Fam,1Story,Gd,Somerst,229456.0,226051.53
9450,1362,6,1957,1957,3.0,1040.0,4,1Fam,1Story,TA,NAmes,140000.0,131594.98
15611,1126,6,1977,1977,2.0,1126.0,5,1Fam,1Story,Ex,NWAmes,175000.0,158854.45
10678,2872,9,1992,2000,2.0,1683.0,8,1Fam,1.5Fin,Gd,NoRidge,285000.0,346301.47
10800,1466,7,1936,1989,2.0,796.0,5,1Fam,1.5Fin,Gd,OldTown,170000.0,149891.28
1936,630,3,1970,1970,0.0,630.0,4,Twnhs,SFoyer,TA,Other,84500.0,76584.45
7000,864,6,1978,2005,1.0,864.0,5,1Fam,1Story,TA,CollgCr,136500.0,132796.06
11646,1422,7,2005,2006,2.0,704.0,6,1Fam,2Story,Gd,CollgCr,173000.0,169036.22
10200,1602,7,2007,2007,3.0,1578.0,8,1Fam,1Story,Gd,CollgCr,293200.0,251903.84
8248,1414,8,1922,1950,0.0,864.0,4,1Fam,1.5Fin,TA,Edwards,83000.0,94443.05
8803,1516,7,1994,1995,2.0,707.0,6,1Fam,2Story,Gd,Gilbert,181316.0,175305.34
6120,1573,6,1935,1995,1.0,884.0,4,1Fam,1.5Fin,Gd,BrkSide,133000.0,138564.31
2016,1302,6,1970,1970,2.0,630.0,5,TwnhsE,2Story,TA,Other,106000.0,121466.18
15240,1026,5,1977,2004,1.0,1026.0,5,1Fam,1Story,TA,CollgCr,150000.0,146352.02
17597,2365,7,1971,2009,2.0,1803.0,7,1Fam,1Story,Ex,Crawfor,315000.0,301028.22
34650,1056,5,1955,1955,2.0,1056.0,5,2fmCon,1Story,TA,Gilbert,145000.0,141314.38
8635,1072,5,1925,1950,3.0,1072.0,5,1Fam,1Story,TA,BrkSide,126500.0,119902.18
10859,1097,6,1994,1995,2.0,1097.0,5,1Fam,1Story,TA,CollgCr,145000.0,154367.62
9512,2318,8,2005,2006,2.0,960.0,7,1Fam,2Story,Gd,Somerst,294323.0,249252.72
13811,1137,5,1987,1987,2.0,1112.0,6,1Fam,1Story,Gd,Other,176000.0,169229.62
13500,1252,4,1960,1975,2.0,1602.0,6,1Fam,1Story,TA,Other,235000.0,169245.28
8777,1436,6,1910,2000,2.0,676.0,4,1Fam,2Story,TA,Edwards,98000.0,110269.95
9576,1182,5,1945,1950,1.0,770.0,6,1Fam,1.5Fin,TA,OldTown,120000.0,119926.43
4045,1500,6,2006,2006,3.0,1356.0,7,TwnhsE,1Story,Gd,Other,246578.0,216019.33
14836,2492,8,2004,2005,3.0,2492.0,10,1Fam,1Story,Ex,NridgHt,552000.0,513951.5
3480,1405,6,2003,2003,2.0,1405.0,7,TwnhsE,1Story,Gd,NridgHt,173000.0,181748.55
9825,936,4,1967,1967,1.0,936.0,5,1Fam,SFoyer,TA,Edwards,118500.0,134000.95
14778,1640,7,1954,2006,2.0,1296.0,6,1Fam,1Story,Gd,Crawfor,224000.0,211280.83
10400,1370,6,1976,1976,2.0,1090.0,7,1Fam,1Story,TA,NWAmes,152000.0,164763.72
9965,2696,10,2007,2007,3.0,1264.0,7,1Fam,2Story,Ex,CollgCr,383970.0,303744.44
11556,882,4,1952,1952,1.0,720.0,5,1Fam,1Story,Gd,NAmes,116000.0,113746.14
10800,1461,6,1949,1996,1.0,832.0,4,1Fam,1.5Fin,TA,NAmes,133500.0,126704.46
3950,1224,5,1926,2004,1.0,818.0,6,1Fam,1.5Fin,TA,OldTown,115000.0,119442.24
5684,813,5,1930,2005,1.0,813.0,6,1Fam,1Story,Gd,OldTown,110000.0,116421.26
11064,1239,4,1995,1995,2.0,1230.0,8,TwnhsE,1Story,Gd,Other,217500.0,212715.06
12011,1924,7,1998,1998,2.0,1086.0,8,1Fam,2Story,Gd,NoRidge,280000.0,246570.7
11414,2019,8,1910,1993,2.0,728.0,7,1Fam,2Story,Gd,BrkSide,167500.0,208074.05
15750,1513,5,1999,2000,2.0,1462.0,8,1Fam,1Story,Gd,CollgCr,220000.0,254748.06
11027,1293,5,1954,1954,2.0,1178.0,6,1Fam,1Story,TA,NAmes,149900.0,152334.95
7000,1215,6,1940,1950,2.0,720.0,6,1Fam,1.5Fin,Gd,IDOTRR,141000.0,136905.44
8885,902,5,1983,1983,2.0,864.0,5,1Fam,1Story,TA,Mitchel,131000.0,132390.92
7328,1450,6,2008,2009,3.0,1450.0,7,1Fam,1Story,Gd,SawyerW,224243.0,208481.44
2645,1586,7,1999,1999,2.0,960.0,8,Twnhs,2Story,Gd,Somerst,170000.0,185289.77
8991,1324,5,1976,1976,2.0,1228.0,7,1Fam,SLvl,Gd,NWAmes,174000.0,170172.02
10235,1651,7,2007,2007,3.0,1643.0,8,1Fam,1Story,Gd,CollgCr,246500.0,260169.72
2160,1365,7,1973,1973,2.0,765.0,5,TwnhsE,2Story,Gd,Other,125500.0,133376.36
9729,1746,6,2006,2007,3.0,698.0,6,1Fam,2Story,Gd,Gilbert,198444.0,188446.55
9069,1440,8,1993,1993,3.0,1344.0,6,Duplex,SFoyer,Gd,SawyerW,224500.0,190591.9
11475,1576,7,1961,1961,2.0,1208.0,6,1Fam,SLvl,Gd,NAmes,174500.0,167145.61
3675,1072,5,2005,2006,2.0,547.0,6,TwnhsE,SFoyer,TA,Edwards,142500.0,137695.02
3010,1248,5,2005,2006,2.0,1248.0,7,TwnhsE,1Story,Gd,Other,167240.0,175515.12
9286,1268,5,1977,1989,1.0,1268.0,5,1Fam,1Story,Gd,CollgCr,143500.0,157764.11
12018,1612,6,2008,2008,3.0,796.0,7,1Fam,2Story,Gd,Other,218689.0,215395.39
10335,1721,7,1968,1993,2.0,1461.0,5,1Fam,1Story,TA,Sawyer,180000.0,167260.73
16870,1782,7,2004,2005,3.0,1782.0,8,1Fam,1Story,Gd,NridgHt,296000.0,289499.56
9254,1721,7,2005,2005,2.0,1721.0,8,1Fam,1Story,Gd,NridgHt,232698.0,265874.3
9571,1144,6,1956,1956,1.0,1144.0,5,1Fam,1Story,TA,Edwards,129000.0,130097.45
7200,894,6,1972,1972,2.0,894.0,5,1Fam,1Story,TA,CollgCr,123000.0,128391.7
8000,1492,6,2002,2002,2.0,1492.0,7,1Fam,1Story,Gd,Somerst,230000.0,221817.38
12099,1728,7,1953,2004,1.0,1216.0,5,1Fam,1.5Fin,TA,NAmes,156000.0,158217.03
8520,1385,6,1952,1952,2.0,910.0,5,1Fam,1.5Fin,TA,NAmes,166000.0,140019.83
6000,1296,6,1927,1950,2.0,845.0,6,1Fam,1.5Fin,TA,OldTown,127500.0,127957.516
7360,1222,6,2010,2010,2.0,1222.0,7,1Fam,1Story,Gd,CollgCr,187000.0,191532.31
12585,2799,8,1993,1993,3.0,1286.0,8,1Fam,2Story,Gd,NoRidge,315000.0,333211.47
9531,1796,7,1998,1998,2.0,794.0,6,1Fam,2Story,TA,CollgCr,211000.0,195195.62
21000,2259,7,1953,1953,2.0,1809.0,6,1Fam,1Story,Gd,Crawfor,217000.0,252797.89
13070,1112,5,1951,1951,2.0,631.0,5,1Fam,1Story,TA,NAmes,126000.0,125022.45
7200,1262,5,2006,2006,2.0,1262.0,6,1Fam,1Story,Gd,Somerst,185000.0,190240.7
11419,1527,6,1948,1999,2.0,699.0,7,1Fam,2Story,TA,NAmes,152500.0,177934.97
43500,2034,9,1953,1953,3.0,0.0,3,1Fam,1Story,TA,Mitchel,130000.0,139088.6
10530,1004,4,1977,1977,2.0,975.0,6,Duplex,SFoyer,TA,Mitchel,135000.0,142915.12
8400,438,3,1920,1950,1.0,290.0,2,1Fam,1Story,Fa,Other,60000.0,40202.848
33983,1676,6,1977,1994,2.0,1160.0,5,1Fam,1Story,Gd,Mitchel,196000.0,195135.7
7903,1242,6,1960,1960,1.0,1242.0,5,1Fam,1Story,TA,NAmes,152000.0,135493.8
9780,1952,8,1950,2005,1.0,976.0,7,1Fam,2Story,Gd,IDOTRR,212300.0,207279.05
18800,1574,6,1976,1976,2.0,796.0,6,1Fam,2Story,TA,NWAmes,190000.0,185510.95
6240,1324,6,2006,2006,2.0,1324.0,8,TwnhsE,1Story,Gd,NridgHt,254000.0,218289.08
11198,2504,11,2005,2007,3.0,1122.0,9,1Fam,2Story,Ex,Other,325000.0,379154.7
17503,1458,6,1948,1950,1.0,912.0,6,1Fam,1.5Fin,TA,NAmes,97500.0,154222.25
7162,1724,8,2003,2004,2.0,796.0,7,1Fam,2Story,Gd,Edwards,196500.0,185392.28
6191,1288,6,1941,1950,1.0,824.0,5,1Fam,1.5Fin,TA,Other,112000.0,129105.45
12890,1495,8,1989,1989,2.0,1495.0,6,1Fam,1Story,TA,Other,150000.0,188530.67
3600,1288,5,1917,2007,1.0,624.0,6,1Fam,2Story,Ex,OldTown,119000.0,128116.01
9350,1531,8,1947,1979,1.0,756.0,4,1Fam,1.5Fin,TA,Edwards,127000.0,115428.25
9600,1254,6,1961,1961,2.0,1218.0,6,1Fam,SLvl,TA,NAmes,158500.0,161197.03
47280,1488,6,1950,1950,2.0,1488.0,6,1Fam,1Story,TA,Gilbert,133000.0,201539.78
16163,1618,6,2004,2004,3.0,1618.0,8,1Fam,1Story,Gd,NridgHt,252000.0,270766.3
2117,1573,5,2000,2000,2.0,756.0,6,Twnhs,2Story,Gd,Somerst,177500.0,171222.66
11896,1346,6,2008,2008,3.0,1336.0,7,1Fam,1Story,Gd,Other,220000.0,215105.53
6000,1328,6,1950,1970,1.0,768.0,5,1Fam,1.5Fin,TA,OldTown,129500.0,118693.25
14584,733,4,1952,1952,2.0,0.0,1,1Fam,1Story,Fa,IDOTRR,13100.0,50604.46
11690,1764,7,1999,2000,2.0,850.0,8,1Fam,2Story,Gd,CollgCr,207000.0,221941.58
6600,816,4,1982,2003,2.0,816.0,5,1Fam,1Story,TA,Mitchel,138000.0,132169.77
10650,894,5,1976,1976,1.0,894.0,5,1Fam,1Story,TA,CollgCr,128200.0,126783.15
4330,1315,5,1958,1958,2.0,808.0,4,2fmCon,1.5Fin,TA,IDOTRR,99500.0,105845.99
7590,1812,8,1962,1962,1.0,864.0,5,1Fam,2Story,TA,NAmes,169500.0,144186.53
11200,1298,5,1985,1985,2.0,1298.0,6,1Fam,1Story,Gd,SawyerW,180000.0,173156.75
1680,1302,6,1972,1972,1.0,630.0,5,Twnhs,2Story,TA,Other,111750.0,116772.414
11851,1633,7,1948,2009,1.0,1027.0,5,1Fam,1.5Fin,Gd,OldTown,129000.0,154584.48
10991,1571,7,2007,2007,3.0,1571.0,8,1Fam,1Story,Gd,Other,239000.0,251297.98
13869,1470,6,1997,1997,2.0,794.0,6,1Fam,2Story,TA,Gilbert,177000.0,181914.33
3843,1648,5,2007,2008,2.0,1596.0,8,TwnhsE,1Story,Ex,Crawfor,230000.0,278264.03
8010,1720,7,2002,2003,2.0,840.0,7,1Fam,2Story,Gd,Gilbert,188000.0,197703.08
8450,1436,8,2004,2004,2.0,1436.0,7,1Fam,1Story,Gd,CollgCr,210000.0,207914.77
8965,1489,8,2003,2003,2.0,782.0,7,1Fam,2Story,Gd,Gilbert,192000.0,175998.53
8385,985,6,1977,1977,1.0,985.0,5,1Fam,SLvl,TA,CollgCr,149900.0,139689.31
12539,2790,10,2005,2006,3.0,1620.0,10,1Fam,2Story,Ex,NridgHt,460000.0,451123.16
16387,2589,11,2006,2006,3.0,1738.0,9,1Fam,2Story,Ex,NridgHt,412083.0,430584.16
8078,1560,8,1958,1958,2.0,1560.0,5,Duplex,1Story,TA,NAmes,128600.0,136662.16
12704,1582,7,2007,2007,3.0,1582.0,8,1Fam,1Story,Gd,NridgHt,317500.0,256375.89
8998,1652,6,2000,2000,2.0,782.0,7,1Fam,2Story,Gd,CollgCr,207500.0,193387.56
15870,1096,6,1969,1969,1.0,1096.0,5,1Fam,1Story,TA,NAmes,138800.0,145250.34
6600,816,5,1982,2008,1.0,816.0,5,1Fam,1Story,Gd,Mitchel,130500.0,142030.86
7018,2228,8,1979,1979,2.0,0.0,5,Duplex,2Story,TA,SawyerW,147983.0,138360.95
12244,2262,10,2003,2003,3.0,1482.0,8,1Fam,2Story,Gd,Other,305000.0,310693.8
11235,1382,6,1963,1979,2.0,1051.0,4,1Fam,1Story,TA,Sawyer,148000.0,135477.78
15431,2046,7,2005,2006,3.0,1994.0,10,1Fam,1Story,Ex,NridgHt,450000.0,430744.75
6960,1302,6,1940,1998,1.0,680.0,7,1Fam,1.5Fin,Gd,Sawyer,165250.0,152071.06
8000,1377,6,1960,1960,1.0,1377.0,5,1Fam,1Story,TA,NAmes,156500.0,139567.61
9938,1949,8,1993,1994,2.0,1050.0,7,1Fam,2Story,Gd,SawyerW,236000.0,214243.62
10331,1240,6,1985,1985,2.0,1265.0,7,1Fam,1Story,Gd,Other,174000.0,183736.88
9477,892,5,1966,1966,1.0,864.0,5,1Fam,1Story,TA,NAmes,110000.0,122038.734
11800,1382,6,1949,2002,1.0,0.0,4,1Fam,SLvl,TA,OldTown,110000.0,116422.03
9600,893,4,1949,2003,2.0,845.0,5,1Fam,1.5Unf,Gd,NAmes,135000.0,130216.12
14892,1746,7,2006,2007,3.0,1746.0,9,1Fam,1Story,Ex,Gilbert,377500.0,323620.0
6292,1477,6,1928,1950,1.0,861.0,7,1Fam,1.5Fin,TA,Other,145000.0,152147.66
2058,1218,7,1973,1973,1.0,672.0,6,Twnhs,2Story,Ex,Other,113700.0,123659.484
1782,1045,5,1980,1980,2.0,516.0,6,Twnhs,2Story,TA,Other,123900.0,109193.75
10410,1656,8,1916,1987,1.0,660.0,5,1Fam,1.5Fin,TA,OldTown,135000.0,133752.25
13072,1175,6,2005,2006,0.0,1175.0,6,1Fam,1Story,Gd,SawyerW,146000.0,136283.03
10357,1442,6,1990,1991,2.0,910.0,7,1Fam,1Story,Gd,SawyerW,179900.0,164577.62
11443,2028,7,2005,2006,3.0,1868.0,8,1Fam,1Story,Gd,Other,369900.0,311505.25
10400,1790,8,1972,1972,2.0,732.0,6,1Fam,2Story,TA,NWAmes,165150.0,170874.55
8967,1077,6,1920,1950,1.0,961.0,5,1Fam,1Story,TA,IDOTRR,67000.0,106270.7
11249,1200,6,1995,1995,2.0,1200.0,6,1Fam,1Story,Gd,CollgCr,177500.0,171329.98
9571,1276,5,1958,1958,1.0,1276.0,5,1Fam,1Story,TA,Edwards,60000.0,133569.33
10612,1534,7,2006,2006,2.0,1524.0,8,1Fam,1Story,Gd,Somerst,215000.0,248715.84
12878,1760,8,2003,2004,2.0,1760.0,7,1Fam,1Story,Gd,NridgHt,269500.0,258918.75
9900,1691,5,1967,1967,2.0,1680.0,6,1Fam,1Story,TA,NAmes,175000.0,168475.19
11025,2826,9,1992,1993,3.0,1334.0,8,1Fam,2Story,Gd,NoRidge,334000.0,330325.6
8158,1768,8,2003,2003,2.0,884.0,7,1Fam,2Story,Gd,CollgCr,224900.0,211371.72
11475,1552,6,1975,1975,2.0,713.0,6,1Fam,2Story,TA,NWAmes,179900.0,167635.69
12209,1961,7,2001,2002,2.0,804.0,6,1Fam,2Story,Gd,Mitchel,215000.0,206026.22
10656,1646,6,2006,2007,3.0,1638.0,8,1Fam,1Story,Gd,Other,248900.0,263766.25
8638,925,5,1963,1963,2.0,925.0,5,1Fam,1Story,TA,Sawyer,133500.0,126052.42
10762,1217,6,1980,1980,1.0,626.0,6,TwnhsE,2Story,TA,SawyerW,120000.0,135831.61
8294,872,5,1971,1971,3.0,858.0,4,1Fam,1Story,TA,NAmes,123000.0,110599.71
8243,964,5,1961,1961,2.0,964.0,5,1Fam,1Story,TA,NAmes,137500.0,130285.93
10389,1978,8,2003,2003,3.0,1978.0,8,1Fam,1Story,Gd,CollgCr,318000.0,313210.06
7200,780,4,1972,1972,1.0,780.0,5,1Fam,1Story,TA,CollgCr,124900.0,119368.45
9000,1750,8,1880,1991,1.0,636.0,5,1Fam,2Story,Ex,OldTown,124000.0,138955.08
8923,1382,7,1998,1998,2.0,384.0,7,1Fam,SLvl,TA,Gilbert,177500.0,168857.22
24090,2403,10,1940,1950,1.0,1032.0,7,1Fam,2Story,TA,Other,244400.0,208321.64
5825,747,5,1926,1953,2.0,600.0,4,1Fam,1Story,TA,BrkSide,79900.0,74495.88
7315,1170,6,1958,1958,1.0,1170.0,5,1Fam,1Story,TA,NAmes,140000.0,135396.4
11600,1180,5,1922,1950,1.0,700.0,4,1Fam,1Story,Fa,Crawfor,137500.0,94341.51
8892,1065,6,1960,1960,2.0,1065.0,5,1Fam,1Story,TA,NAmes,126500.0,135365.81
9350,864,4,1975,1975,0.0,864.0,5,Duplex,SFoyer,TA,Edwards,99600.0,118363.06
7750,1430,7,2000,2000,2.0,384.0,7,1Fam,SLvl,TA,Gilbert,180000.0,164201.05
9100,1112,6,1954,1954,1.0,1112.0,5,1Fam,1Story,TA,Crawfor,144800.0,135682.72
7200,864,5,1972,2000,2.0,864.0,5,1Fam,1Story,Ex,CollgCr,127000.0,144371.19
8281,864,5,1965,1965,1.0,864.0,5,1Fam,1Story,TA,Sawyer,62383.0,121075.734
20062,1483,4,1977,2001,2.0,1420.0,7,1Fam,1Story,TA,Other,270000.0,218787.81
10447,887,5,1984,1984,1.0,864.0,5,1Fam,1Story,TA,Mitchel,124500.0,129937.99
6240,1208,5,1925,1950,2.0,780.0,4,1Fam,1.5Fin,TA,IDOTRR,103000.0,105945.766
7750,1414,6,2002,2002,2.0,707.0,7,1Fam,2Story,Gd,Gilbert,176000.0,162501.77
7692,1204,6,1954,1954,1.0,416.0,4,1Fam,SLvl,TA,Edwards,100000.0,100830.67
7032,943,4,1979,1979,2.0,943.0,5,Duplex,SFoyer,TA,NAmes,135960.0,135512.02
6488,1150,6,1942,1950,1.0,799.0,5,1Fam,1.5Fin,TA,Edwards,128000.0,109789.67
9780,1112,6,1934,1950,1.0,585.0,5,1Fam,1.5Fin,TA,Edwards,63000.0,109905.64
7404,861,5,1920,1950,2.0,861.0,4,1Fam,1Story,TA,OldTown,80000.0,81093.195
13173,1652,6,2006,2007,2.0,1652.0,9,1Fam,1Story,Ex,NridgHt,325000.0,293995.72
9000,1566,7,2008,2008,2.0,1566.0,8,1Fam,1Story,Gd,Somerst,262500.0,256702.02
21780,1674,8,1918,1950,2.0,1163.0,6,1Fam,1.5Fin,TA,Edwards,185000.0,167627.38
28698,2126,7,1967,1967,2.0,1013.0,5,1Fam,2Story,TA,Other,185000.0,181785.3
11449,1728,7,2007,2007,2.0,1884.0,8,1Fam,1Story,Gd,Other,298751.0,262573.88
7800,899,5,1967,2004,1.0,864.0,5,1Fam,1Story,Gd,Sawyer,130000.0,135366.06
10542,2418,9,1993,1994,3.0,1311.0,7,1Fam,2Story,Gd,NoRidge,341000.0,279401.34
10825,1260,6,1983,1983,2.0,1260.0,7,1Fam,1Story,TA,NWAmes,181900.0,174791.0
9600,1668,6,1950,2005,1.0,856.0,6,1Fam,1.5Fin,TA,NAmes,140000.0,158832.94
3876,1226,4,1978,1978,2.0,1226.0,8,Twnhs,1Story,Gd,Other,170000.0,188169.1
8724,894,5,1968,1968,2.0,894.0,5,1Fam,1Story,TA,Sawyer,129000.0,126982.2
